task_uuid,overlap
be3812d3-5975-4736-8a23-96d64e50e66a,0.7085974535652702
472bbfb1-c081-4df6-b966-32ce1194ab8c,0.9774145158534091
a41a284c-7baa-438e-9323-532091c7a78f,0.9985372277228635
